-- Insert data into OT schema tables
-- This script will be run by the container as SYSTEM user

-- Ensure we're in the right PDB
ALTER SESSION SET CONTAINER = XEPDB1;

-- Disable FK constraints to allow bulk insert
ALTER TABLE OT.countries DISABLE CONSTRAINT fk_countries_regions;
ALTER TABLE OT.locations DISABLE CONSTRAINT fk_locations_countries;
ALTER TABLE OT.warehouses DISABLE CONSTRAINT fk_warehouses_locations;
ALTER TABLE OT.employees DISABLE CONSTRAINT fk_employees_manager;
ALTER TABLE OT.products DISABLE CONSTRAINT fk_products_categories;
ALTER TABLE OT.contacts DISABLE CONSTRAINT fk_contacts_customers;
ALTER TABLE OT.orders DISABLE CONSTRAINT fk_orders_customers;
ALTER TABLE OT.orders DISABLE CONSTRAINT fk_orders_employees;
ALTER TABLE OT.order_items DISABLE CONSTRAINT fk_order_items_products;
ALTER TABLE OT.order_items DISABLE CONSTRAINT fk_order_items_orders;
ALTER TABLE OT.inventories DISABLE CONSTRAINT fk_inventories_products;
ALTER TABLE OT.inventories DISABLE CONSTRAINT fk_inventories_warehouses;

-- Insert regions
INSERT INTO OT.REGIONS (REGION_ID,REGION_NAME) VALUES (1,'Europe');
INSERT INTO OT.REGIONS (REGION_ID,REGION_NAME) VALUES (2,'Americas');
INSERT INTO OT.REGIONS (REGION_ID,REGION_NAME) VALUES (3,'Asia');
INSERT INTO OT.REGIONS (REGION_ID,REGION_NAME) VALUES (4,'Middle East and Africa');

-- Insert countries
INSERT INTO OT.COUNTRIES (COUNTRY_ID,COUNTRY_NAME,REGION_ID) VALUES ('AR','Argentina',2);
INSERT INTO OT.COUNTRIES (COUNTRY_ID,COUNTRY_NAME,REGION_ID) VALUES ('AU','Australia',3);
INSERT INTO OT.COUNTRIES (COUNTRY_ID,COUNTRY_NAME,REGION_ID) VALUES ('BE','Belgium',1);
INSERT INTO OT.COUNTRIES (COUNTRY_ID,COUNTRY_NAME,REGION_ID) VALUES ('BR','Brazil',2);
INSERT INTO OT.COUNTRIES (COUNTRY_ID,COUNTRY_NAME,REGION_ID) VALUES ('CA','Canada',2);
INSERT INTO OT.COUNTRIES (COUNTRY_ID,COUNTRY_NAME,REGION_ID) VALUES ('CH','Switzerland',1);
INSERT INTO OT.COUNTRIES (COUNTRY_ID,COUNTRY_NAME,REGION_ID) VALUES ('CN','China',3);
INSERT INTO OT.COUNTRIES (COUNTRY_ID,COUNTRY_NAME,REGION_ID) VALUES ('DE','Germany',1);
INSERT INTO OT.COUNTRIES (COUNTRY_ID,COUNTRY_NAME,REGION_ID) VALUES ('DK','Denmark',1);
INSERT INTO OT.COUNTRIES (COUNTRY_ID,COUNTRY_NAME,REGION_ID) VALUES ('EG','Egypt',4);
INSERT INTO OT.COUNTRIES (COUNTRY_ID,COUNTRY_NAME,REGION_ID) VALUES ('FR','France',1);
INSERT INTO OT.COUNTRIES (COUNTRY_ID,COUNTRY_NAME,REGION_ID) VALUES ('IL','Israel',4);
INSERT INTO OT.COUNTRIES (COUNTRY_ID,COUNTRY_NAME,REGION_ID) VALUES ('IN','India',3);
INSERT INTO OT.COUNTRIES (COUNTRY_ID,COUNTRY_NAME,REGION_ID) VALUES ('IT','Italy',1);
INSERT INTO OT.COUNTRIES (COUNTRY_ID,COUNTRY_NAME,REGION_ID) VALUES ('JP','Japan',3);
INSERT INTO OT.COUNTRIES (COUNTRY_ID,COUNTRY_NAME,REGION_ID) VALUES ('KW','Kuwait',4);
INSERT INTO OT.COUNTRIES (COUNTRY_ID,COUNTRY_NAME,REGION_ID) VALUES ('ML','Malaysia',3);
INSERT INTO OT.COUNTRIES (COUNTRY_ID,COUNTRY_NAME,REGION_ID) VALUES ('MX','Mexico',2);
INSERT INTO OT.COUNTRIES (COUNTRY_ID,COUNTRY_NAME,REGION_ID) VALUES ('NG','Nigeria',4);
INSERT INTO OT.COUNTRIES (COUNTRY_ID,COUNTRY_NAME,REGION_ID) VALUES ('NL','Netherlands',1);
INSERT INTO OT.COUNTRIES (COUNTRY_ID,COUNTRY_NAME,REGION_ID) VALUES ('SG','Singapore',3);
INSERT INTO OT.COUNTRIES (COUNTRY_ID,COUNTRY_NAME,REGION_ID) VALUES ('UK','United Kingdom',1);
INSERT INTO OT.COUNTRIES (COUNTRY_ID,COUNTRY_NAME,REGION_ID) VALUES ('US','United States of America',2);
INSERT INTO OT.COUNTRIES (COUNTRY_ID,COUNTRY_NAME,REGION_ID) VALUES ('ZM','Zambia',4);
INSERT INTO OT.COUNTRIES (COUNTRY_ID,COUNTRY_NAME,REGION_ID) VALUES ('ZW','Zimbabwe',4);

-- Insert locations
INSERT INTO OT.LOCATIONS (LOCATION_ID,ADDRESS,POSTAL_CODE,CITY,STATE,COUNTRY_ID) VALUES (1400,'2014 Jabberwocky Rd','26192','Southlake','Texas','US');
INSERT INTO OT.LOCATIONS (LOCATION_ID,ADDRESS,POSTAL_CODE,CITY,STATE,COUNTRY_ID) VALUES (1500,'2011 Interiors Blvd','99236','South San Francisco','California','US');
INSERT INTO OT.LOCATIONS (LOCATION_ID,ADDRESS,POSTAL_CODE,CITY,STATE,COUNTRY_ID) VALUES (1700,'2004 Charade Rd','98199','Seattle','Washington','US');
INSERT INTO OT.LOCATIONS (LOCATION_ID,ADDRESS,POSTAL_CODE,CITY,STATE,COUNTRY_ID) VALUES (1800,'147 Spadina Ave','M5V 2L7','Toronto','Ontario','CA');
INSERT INTO OT.LOCATIONS (LOCATION_ID,ADDRESS,POSTAL_CODE,CITY,STATE,COUNTRY_ID) VALUES (2400,'8204 Arthur St',null,'London',null,'UK');
INSERT INTO OT.LOCATIONS (LOCATION_ID,ADDRESS,POSTAL_CODE,CITY,STATE,COUNTRY_ID) VALUES (2500,'Magdalen Centre, The Oxford Science Park','OX9 9ZB','Oxford','Oxford','UK');
INSERT INTO OT.LOCATIONS (LOCATION_ID,ADDRESS,POSTAL_CODE,CITY,STATE,COUNTRY_ID) VALUES (2700,'Schwanthalerstr. 7031','80925','Munich','Bavaria','DE');

-- Insert warehouses
INSERT INTO OT.WAREHOUSES (WAREHOUSE_ID,WAREHOUSE_NAME,LOCATION_ID) VALUES (1,'Southlake, Texas',1400);
INSERT INTO OT.WAREHOUSES (WAREHOUSE_ID,WAREHOUSE_NAME,LOCATION_ID) VALUES (2,'San Francisco',1500);
INSERT INTO OT.WAREHOUSES (WAREHOUSE_ID,WAREHOUSE_NAME,LOCATION_ID) VALUES (3,'New Jersey',1600);
INSERT INTO OT.WAREHOUSES (WAREHOUSE_ID,WAREHOUSE_NAME,LOCATION_ID) VALUES (4,'Seattle, Washington',1700);
INSERT INTO OT.WAREHOUSES (WAREHOUSE_ID,WAREHOUSE_NAME,LOCATION_ID) VALUES (5,'Toronto',1800);
INSERT INTO OT.WAREHOUSES (WAREHOUSE_ID,WAREHOUSE_NAME,LOCATION_ID) VALUES (6,'Sydney',2000);
INSERT INTO OT.WAREHOUSES (WAREHOUSE_ID,WAREHOUSE_NAME,LOCATION_ID) VALUES (7,'Mexico City',2300);
INSERT INTO OT.WAREHOUSES (WAREHOUSE_ID,WAREHOUSE_NAME,LOCATION_ID) VALUES (8,'London',2400);
INSERT INTO OT.WAREHOUSES (WAREHOUSE_ID,WAREHOUSE_NAME,LOCATION_ID) VALUES (9,'Munich',2700);

-- Insert employees (sample data)
INSERT INTO OT.EMPLOYEES (EMPLOYEE_ID,FIRST_NAME,LAST_NAME,EMAIL,PHONE,HIRE_DATE,MANAGER_ID,JOB_TITLE) VALUES (100,'Steven','King','steven.king@sqltutorial.org','515.123.4567',TO_DATE('1987-06-17','YYYY-MM-DD'),null,'President');
INSERT INTO OT.EMPLOYEES (EMPLOYEE_ID,FIRST_NAME,LAST_NAME,EMAIL,PHONE,HIRE_DATE,MANAGER_ID,JOB_TITLE) VALUES (101,'Neena','Kochhar','neena.kochhar@sqltutorial.org','515.123.4568',TO_DATE('1989-09-21','YYYY-MM-DD'),100,'Administration Vice President');
INSERT INTO OT.EMPLOYEES (EMPLOYEE_ID,FIRST_NAME,LAST_NAME,EMAIL,PHONE,HIRE_DATE,MANAGER_ID,JOB_TITLE) VALUES (102,'Lex','De Haan','lex.de haan@sqltutorial.org','515.123.4569',TO_DATE('1993-01-13','YYYY-MM-DD'),100,'Administration Vice President');
INSERT INTO OT.EMPLOYEES (EMPLOYEE_ID,FIRST_NAME,LAST_NAME,EMAIL,PHONE,HIRE_DATE,MANAGER_ID,JOB_TITLE) VALUES (103,'Alexander','Hunold','alexander.hunold@sqltutorial.org','590.423.4567',TO_DATE('1990-01-03','YYYY-MM-DD'),102,'Programmer');
INSERT INTO OT.EMPLOYEES (EMPLOYEE_ID,FIRST_NAME,LAST_NAME,EMAIL,PHONE,HIRE_DATE,MANAGER_ID,JOB_TITLE) VALUES (104,'Bruce','Ernst','bruce.ernst@sqltutorial.org','590.423.4568',TO_DATE('1991-05-21','YYYY-MM-DD'),103,'Programmer');
INSERT INTO OT.EMPLOYEES (EMPLOYEE_ID,FIRST_NAME,LAST_NAME,EMAIL,PHONE,HIRE_DATE,MANAGER_ID,JOB_TITLE) VALUES (105,'David','Austin','david.austin@sqltutorial.org','590.423.4569',TO_DATE('1997-06-25','YYYY-MM-DD'),103,'Programmer');
INSERT INTO OT.EMPLOYEES (EMPLOYEE_ID,FIRST_NAME,LAST_NAME,EMAIL,PHONE,HIRE_DATE,MANAGER_ID,JOB_TITLE) VALUES (106,'Valli','Pataballa','valli.pataballa@sqltutorial.org','590.423.4560',TO_DATE('1998-02-05','YYYY-MM-DD'),103,'Programmer');
INSERT INTO OT.EMPLOYEES (EMPLOYEE_ID,FIRST_NAME,LAST_NAME,EMAIL,PHONE,HIRE_DATE,MANAGER_ID,JOB_TITLE) VALUES (107,'Diana','Lorentz','diana.lorentz@sqltutorial.org','590.423.5567',TO_DATE('1999-02-07','YYYY-MM-DD'),103,'Programmer');

-- Insert product categories
INSERT INTO OT.PRODUCT_CATEGORIES (CATEGORY_ID,CATEGORY_NAME) VALUES (1,'CPU');
INSERT INTO OT.PRODUCT_CATEGORIES (CATEGORY_ID,CATEGORY_NAME) VALUES (2,'Video Card');
INSERT INTO OT.PRODUCT_CATEGORIES (CATEGORY_ID,CATEGORY_NAME) VALUES (3,'Mother Board');
INSERT INTO OT.PRODUCT_CATEGORIES (CATEGORY_ID,CATEGORY_NAME) VALUES (4,'Storage');
INSERT INTO OT.PRODUCT_CATEGORIES (CATEGORY_ID,CATEGORY_NAME) VALUES (5,'RAM');

-- Insert sample products
INSERT INTO OT.PRODUCTS (PRODUCT_ID,PRODUCT_NAME,DESCRIPTION,STANDARD_COST,LIST_PRICE,CATEGORY_ID) VALUES (1,'Intel Core i5-8400','Intel 8th generation processor',120.00,150.00,1);
INSERT INTO OT.PRODUCTS (PRODUCT_ID,PRODUCT_NAME,DESCRIPTION,STANDARD_COST,LIST_PRICE,CATEGORY_ID) VALUES (2,'Intel Core i7-8700K','Intel 8th generation high-end processor',280.00,350.00,1);
INSERT INTO OT.PRODUCTS (PRODUCT_ID,PRODUCT_NAME,DESCRIPTION,STANDARD_COST,LIST_PRICE,CATEGORY_ID) VALUES (3,'NVIDIA GeForce GTX 1060','Mid-range graphics card',200.00,250.00,2);
INSERT INTO OT.PRODUCTS (PRODUCT_ID,PRODUCT_NAME,DESCRIPTION,STANDARD_COST,LIST_PRICE,CATEGORY_ID) VALUES (4,'NVIDIA GeForce RTX 2080','High-end graphics card',600.00,750.00,2);
INSERT INTO OT.PRODUCTS (PRODUCT_ID,PRODUCT_NAME,DESCRIPTION,STANDARD_COST,LIST_PRICE,CATEGORY_ID) VALUES (5,'ASUS ROG Strix Z390-E','Gaming motherboard with RGB',150.00,200.00,3);

-- Insert sample customers
INSERT INTO OT.CUSTOMERS (CUSTOMER_ID,NAME,ADDRESS,WEBSITE,CREDIT_LIMIT) VALUES (1,'ABC Corp','123 Main St, Anytown USA','www.abccorp.com',5000.00);
INSERT INTO OT.CUSTOMERS (CUSTOMER_ID,NAME,ADDRESS,WEBSITE,CREDIT_LIMIT) VALUES (2,'XYZ Ltd','456 Oak Ave, Another City','www.xyzltd.com',7500.00);
INSERT INTO OT.CUSTOMERS (CUSTOMER_ID,NAME,ADDRESS,WEBSITE,CREDIT_LIMIT) VALUES (3,'Tech Solutions Inc','789 Pine St, Tech City','www.techsolutions.com',9999.00);

-- Insert sample contacts
INSERT INTO OT.CONTACTS (CONTACT_ID,FIRST_NAME,LAST_NAME,EMAIL,PHONE,CUSTOMER_ID) VALUES (1,'John','Doe','john.doe@abccorp.com','555-1234',1);
INSERT INTO OT.CONTACTS (CONTACT_ID,FIRST_NAME,LAST_NAME,EMAIL,PHONE,CUSTOMER_ID) VALUES (2,'Jane','Smith','jane.smith@xyzltd.com','555-5678',2);
INSERT INTO OT.CONTACTS (CONTACT_ID,FIRST_NAME,LAST_NAME,EMAIL,PHONE,CUSTOMER_ID) VALUES (3,'Bob','Johnson','bob.johnson@techsolutions.com','555-9012',3);

-- Insert sample orders
INSERT INTO OT.ORDERS (ORDER_ID,CUSTOMER_ID,STATUS,SALESMAN_ID,ORDER_DATE) VALUES (1,1,'Shipped',103,TO_DATE('2024-01-15','YYYY-MM-DD'));
INSERT INTO OT.ORDERS (ORDER_ID,CUSTOMER_ID,STATUS,SALESMAN_ID,ORDER_DATE) VALUES (2,2,'Processing',104,TO_DATE('2024-01-20','YYYY-MM-DD'));
INSERT INTO OT.ORDERS (ORDER_ID,CUSTOMER_ID,STATUS,SALESMAN_ID,ORDER_DATE) VALUES (3,3,'Delivered',105,TO_DATE('2024-01-10','YYYY-MM-DD'));

-- Insert sample order items
INSERT INTO OT.ORDER_ITEMS (ORDER_ID,ITEM_ID,PRODUCT_ID,QUANTITY,UNIT_PRICE) VALUES (1,1,1,2,150.00);
INSERT INTO OT.ORDER_ITEMS (ORDER_ID,ITEM_ID,PRODUCT_ID,QUANTITY,UNIT_PRICE) VALUES (1,2,3,1,250.00);
INSERT INTO OT.ORDER_ITEMS (ORDER_ID,ITEM_ID,PRODUCT_ID,QUANTITY,UNIT_PRICE) VALUES (2,1,2,1,350.00);
INSERT INTO OT.ORDER_ITEMS (ORDER_ID,ITEM_ID,PRODUCT_ID,QUANTITY,UNIT_PRICE) VALUES (2,2,4,1,750.00);
INSERT INTO OT.ORDER_ITEMS (ORDER_ID,ITEM_ID,PRODUCT_ID,QUANTITY,UNIT_PRICE) VALUES (3,1,5,2,200.00);

-- Insert sample inventories
INSERT INTO OT.INVENTORIES (PRODUCT_ID,WAREHOUSE_ID,QUANTITY) VALUES (1,1,100);
INSERT INTO OT.INVENTORIES (PRODUCT_ID,WAREHOUSE_ID,QUANTITY) VALUES (1,2,50);
INSERT INTO OT.INVENTORIES (PRODUCT_ID,WAREHOUSE_ID,QUANTITY) VALUES (2,1,25);
INSERT INTO OT.INVENTORIES (PRODUCT_ID,WAREHOUSE_ID,QUANTITY) VALUES (3,1,75);
INSERT INTO OT.INVENTORIES (PRODUCT_ID,WAREHOUSE_ID,QUANTITY) VALUES (4,1,10);
INSERT INTO OT.INVENTORIES (PRODUCT_ID,WAREHOUSE_ID,QUANTITY) VALUES (5,1,30);

-- Re-enable FK constraints
ALTER TABLE OT.countries ENABLE CONSTRAINT fk_countries_regions;
ALTER TABLE OT.locations ENABLE CONSTRAINT fk_locations_countries;
ALTER TABLE OT.warehouses ENABLE CONSTRAINT fk_warehouses_locations;
ALTER TABLE OT.employees ENABLE CONSTRAINT fk_employees_manager;
ALTER TABLE OT.products ENABLE CONSTRAINT fk_products_categories;
ALTER TABLE OT.contacts ENABLE CONSTRAINT fk_contacts_customers;
ALTER TABLE OT.orders ENABLE CONSTRAINT fk_orders_customers;
ALTER TABLE OT.orders ENABLE CONSTRAINT fk_orders_employees;
ALTER TABLE OT.order_items ENABLE CONSTRAINT fk_order_items_products;
ALTER TABLE OT.order_items ENABLE CONSTRAINT fk_order_items_orders;
ALTER TABLE OT.inventories ENABLE CONSTRAINT fk_inventories_products;
ALTER TABLE OT.inventories ENABLE CONSTRAINT fk_inventories_warehouses;

COMMIT;

/